<?xml version="1.0" encoding="UTF-8"?>
<project-private xmlns="http://www.netbeans.org/ns/project-private/1">
    <editor-bookmarks xmlns="http://www.netbeans.org/ns/editor-bookmarks/2" lastBookmarkId="0"/>
    <open-files xmlns="http://www.netbeans.org/ns/projectui-open-files/2">
        <group>
            <file>file:/Users/sumanayanakonda/Desktop/Konda_Sumanayana_002786769/Assignment2/src/UserInterface/SysAdminDoctorsPanel.java</file>
            <file>file:/Users/sumanayanakonda/Desktop/Konda_Sumanayana_002786769/Assignment2/src/UserInterface/CreatePatientPanel.java</file>
            <file>file:/Users/sumanayanakonda/Desktop/Konda_Sumanayana_002786769/Assignment2/src/UserInterface/PatientsDirectoryUI.java</file>
            <file>file:/Users/sumanayanakonda/Desktop/Konda_Sumanayana_002786769/Assignment2/src/UserInterface/Appointment_Booking.java</file>
            <file>file:/Users/sumanayanakonda/Desktop/Konda_Sumanayana_002786769/Assignment2/src/UserInterface/SysAdminWorkArea.java</file>
            <file>file:/Users/sumanayanakonda/Desktop/Konda_Sumanayana_002786769/Assignment2/src/Data/Ecosystem.java</file>
        </group>
    </open-files>
</project-private>
